구분,n,MAPE_or_Gap,단위,MAE_Cycle,RMSE_Cycle,R2,비고
Train (Batch 1 CV),35.0,7.541172330693082,%,63.58961504026551,82.93675708030126,0.6457006843210328,개발 셀의 5개 검증 폴드 평균
Valid (Batch 1 Hold-out),11.0,13.492500415276124,%,136.79561293321086,196.04623300447534,-0.06338595294484395,개발 부분에서 학습한 고정 설정 모델
Test (Batch 2),39.0,50.10297482595683,%,234.98322069768656,264.8181066715918,-0.45774608705180175,Batch1 전체로 재학습한 최종 모델
Gap (Train-Valid),,5.951328084583042,pp,,,,Valid−CV; (+) 오차 증가
Gap (Valid-Test),,36.6104744106807,pp,,,,Batch2−Valid; (+) 오차 증가
Gap (Target-Test),,41.00297482595683,pp,,,,Batch2−9.1; (+) 과제 목표 미달
Test (Batch 3),44.0,17.5362630584139,%,200.4145081698562,300.9334761472783,0.05935345923515423,동일 최종 모델의 추가 평가
Gap (Batch2-Batch3),,-32.56671176754293,pp,,,,Batch3−Batch2; (+) Batch3 오차 증가
"Gap (Target-Test, Batch 3)",,8.436263058413902,pp,,,,Batch3−9.1; 참고 비교
